"position","A","G","I","L","P","V","F","W","Y","D","E","R","H","K","S","T","C","M","N","Q"
1,0,0,0,0,0,0,0,0,0,0,0,0,0,0,0,0,0,64,0,0
2,0,0,0,0,0,0,0,0,0,59,5,0,0,0,0,0,0,0,0,0
3,45,3,1,0,0,8,0,0,0,0,0,0,0,0,2,3,0,2,0,0
4,0,0,2,43,0,0,19,0,0,0,0,0,0,0,0,0,0,0,0,0
5,0,0,5,2,0,0,0,0,0,0,0,0,0,10,0,0,0,47,0,0
6,0,0,0,0,0,0,0,0,0,0,1,0,0,63,0,0,0,0,0,0
7,0,62,0,0,0,0,0,0,0,0,0,0,0,0,2,0,0,0,0,0
8,0,0,1,14,0,0,49,0,0,0,0,0,0,0,0,0,0,0,0,0
9,0,0,0,0,0,0,0,0,1,0,0,0,0,0,61,2,0,0,0,0
10,0,0,0,0,0,0,0,0,0,0,0,3,0,60,0,0,0,1,0,0
11,64,0,0,0,0,0,0,0,0,0,0,0,0,0,0,0,0,0,0,0
12,0,0,0,0,0,0,0,0,0,0,0,4,0,60,0,0,0,0,0,0
13,0,0,0,0,0,0,0,0,0,57,5,0,0,1,0,0,0,0,0,0
14,0,64,0,0,0,0,0,0,0,0,0,0,0,0,0,0,0,0,0,0
15,0,0,1,0,0,63,0,0,0,0,0,0,0,0,0,0,0,0,0,0
16,9,0,0,0,0,54,0,0,0,0,0,0,0,0,0,1,0,0,0,0
17,58,0,0,3,0,0,1,0,0,0,0,0,0,0,0,2,0,0,0,0
18,60,0,0,0,0,4,0,0,0,0,0,0,0,0,0,0,0,0,0,0
19,64,0,0,0,0,0,0,0,0,0,0,0,0,0,0,0,0,0,0,0
20,0,0,0,0,0,0,0,0,0,0,64,0,0,0,0,0,0,0,0,0
21,0,0,0,0,0,0,0,0,0,0,0,0,0,63,0,0,0,1,0,0
22,0,0,0,0,0,0,0,0,0,0,0,0,0,0,0,64,0,0,0,0
23,0,0,0,0,0,0,0,0,0,0,0,0,0,64,0,0,0,0,0,0
24,0,0,0,1,0,0,0,0,0,0,0,0,0,0,0,0,0,0,0,63
25,0,64,0,0,0,0,0,0,0,0,0,0,0,0,0,0,0,0,0,0
26,0,0,0,0,0,63,0,0,0,0,0,0,0,0,0,0,0,1,0,0
27,3,0,0,0,0,0,0,0,0,0,0,0,0,0,5,56,0,0,0,0
28,0,59,0,0,0,0,0,0,0,0,5,0,0,0,0,0,0,0,0,0
29,64,0,0,0,0,0,0,0,0,0,0,0,0,0,0,0,0,0,0,0
30,64,0,0,0,0,0,0,0,0,0,0,0,0,0,0,0,0,0,0,0
31,0,10,0,0,0,0,0,0,0,0,54,0,0,0,0,0,0,0,0,0
32,0,0,0,0,0,0,0,0,0,0,0,0,0,6,0,0,0,58,0,0
33,0,0,0,0,0,0,0,0,0,0,0,0,0,0,0,64,0,0,0,0
34,0,0,0,0,0,0,0,0,0,0,0,1,0,63,0,0,0,0,0,0
35,0,6,0,0,0,0,0,0,0,50,6,0,2,0,0,0,0,0,0,0
36,0,64,0,0,0,0,0,0,0,0,0,0,0,0,0,0,0,0,0,0
37,0,0,0,0,0,63,0,0,0,0,0,0,0,0,0,0,0,0,0,0
38,0,0,19,3,0,0,0,0,0,0,0,0,0,2,0,0,0,39,0,0
39,0,0,0,2,0,0,40,0,21,0,0,0,0,0,0,0,0,0,0,0
40,0,0,0,0,0,63,0,0,0,0,0,0,0,0,0,0,0,0,0,0
41,0,62,0,0,0,0,0,0,0,0,0,0,0,0,0,0,0,0,0,0
42,0,0,0,0,0,0,0,0,0,0,0,0,0,0,2,43,0,0,17,0
43,0,0,0,0,0,0,0,0,0,0,0,1,0,60,0,0,0,0,0,0
44,0,0,0,0,0,0,0,0,0,0,0,0,0,0,0,61,0,0,0,0
45,0,0,0,0,0,2,0,0,0,0,0,3,0,55,0,0,0,1,0,0
46,0,0,0,0,0,0,0,0,0,61,0,0,0,0,0,0,0,0,0,0
47,0,0,0,0,0,0,0,0,0,0,0,0,0,0,0,0,0,0,0,0
48,0,0,0,0,0,0,0,0,0,0,0,0,0,0,0,0,0,0,0,0
49,0,0,0,0,0,0,0,0,0,0,0,0,0,0,0,0,0,0,0,0
50,0,0,0,0,0,0,0,0,0,0,0,0,0,0,0,0,0,0,0,0
51,0,59,0,0,0,0,0,0,0,0,0,1,0,0,0,0,0,0,0,0
52,0,0,0,0,0,61,0,0,0,0,0,0,0,0,0,0,0,0,0,0
53,0,0,0,0,0,0,0,0,0,0,0,0,0,0,14,47,0,0,0,0
54,0,0,0,0,0,2,0,0,0,0,0,0,0,0,5,51,0,0,0,0
55,0,0,0,0,0,59,0,0,0,1,0,0,0,0,0,0,0,0,0,0
56,58,0,0,0,0,1,1,0,0,0,0,0,0,0,0,0,0,0,0,0
57,0,47,0,0,1,0,0,0,0,0,12,0,0,0,0,0,0,0,0,0
58,0,0,0,0,0,0,0,0,0,0,1,1,0,57,0,4,0,0,0,0
59,4,0,0,0,0,0,0,0,0,0,0,0,0,0,0,59,0,0,0,0
60,2,0,0,0,0,59,0,0,0,0,0,0,0,3,0,0,0,0,0,0
61,0,0,0,0,0,0,0,0,0,0,3,0,0,0,52,9,0,0,0,0
62,0,56,0,0,0,0,0,0,0,0,0,0,1,0,2,0,0,0,0,4
63,0,0,0,0,0,61,0,0,0,0,0,0,0,0,0,0,0,2,0,0
64,1,0,0,0,0,0,0,0,0,0,0,0,0,0,56,6,0,0,0,0
65,0,0,0,0,0,0,0,0,0,0,0,0,11,0,1,0,0,0,3,48
66,0,0,0,0,0,61,0,0,0,0,0,0,0,0,0,0,0,3,0,0
67,0,55,0,0,0,0,0,0,0,0,0,0,0,0,9,0,0,0,0,0
68,0,58,0,0,0,0,0,0,0,0,6,0,0,0,0,0,0,0,0,0
69,64,0,0,0,0,0,0,0,0,0,0,0,0,0,0,0,0,0,0,0
70,0,0,0,1,0,32,0,0,0,0,0,0,0,0,0,0,0,31,0,0
71,1,0,0,0,0,63,0,0,0,0,0,0,0,0,0,0,0,0,0,0
72,0,0,0,0,0,1,0,0,0,1,0,0,0,0,1,61,0,0,0,0
73,0,63,0,0,0,0,0,0,0,0,0,0,0,0,0,0,1,0,0,0
74,0,0,0,0,0,64,0,0,0,0,0,0,0,0,0,0,0,0,0,0
75,4,0,0,0,0,0,0,0,0,0,0,0,0,0,0,60,0,0,0,0
76,53,0,0,0,0,0,0,0,0,0,0,0,0,0,2,8,0,0,1,0
77,0,0,0,0,0,64,0,0,0,0,0,0,0,0,0,0,0,0,0,0
78,58,0,0,0,0,0,0,0,0,0,0,0,0,0,0,0,6,0,0,0
79,0,0,0,0,0,0,0,0,0,0,0,0,18,0,0,0,0,0,6,40
80,0,0,0,0,0,0,0,0,0,0,0,6,0,58,0,0,0,0,0,0
81,0,0,0,0,0,0,0,0,0,0,0,0,0,0,0,63,0,0,0,0
82,0,0,0,0,0,63,0,0,0,0,0,0,0,0,0,0,0,0,0,0
83,0,1,0,0,0,0,0,0,0,0,62,0,0,0,0,0,0,0,0,0
84,0,59,0,0,0,0,0,0,0,0,0,0,0,0,4,0,0,0,0,0
85,63,0,0,0,0,0,0,0,0,0,0,0,0,0,0,0,0,0,0,0
86,0,62,0,0,0,0,0,0,0,0,0,0,0,0,1,0,0,0,0,0
87,0,0,0,0,0,0,0,0,0,0,0,0,0,0,9,8,0,0,46,0
88,0,0,61,0,0,0,0,0,0,0,0,0,0,0,0,1,0,1,0,0
89,45,0,0,0,0,18,0,0,0,0,0,0,0,0,0,0,0,0,0,0
90,61,0,0,0,0,2,0,0,0,0,0,0,0,0,0,0,0,0,0,0
91,62,0,0,0,0,1,0,0,0,0,0,0,0,0,0,0,0,0,0,0
92,0,0,0,0,0,0,0,0,0,0,0,0,0,0,0,64,0,0,0,0
93,0,64,0,0,0,0,0,0,0,0,0,0,0,0,0,0,0,0,0,0
94,0,0,0,62,0,0,1,0,0,0,0,0,0,0,1,0,0,0,0,0
95,0,1,0,0,0,62,0,0,0,0,0,0,0,0,0,0,1,0,0,0
96,0,0,0,0,0,0,0,0,0,0,0,0,0,64,0,0,0,0,0,0
97,0,0,0,0,0,0,0,0,0,0,0,7,0,57,0,0,0,0,0,0
98,0,0,1,0,0,0,0,0,0,58,5,0,0,0,0,0,0,0,0,0
99,2,1,0,0,45,1,0,0,0,0,0,0,1,0,1,5,0,2,0,3
100,0,0,0,2,0,0,1,0,0,0,0,2,0,0,0,0,1,0,0,0
101,44,6,0,0,3,0,0,0,0,1,1,0,0,0,2,4,0,0,0,0
102,0,1,0,0,0,0,0,0,0,0,0,3,0,57,0,0,0,0,0,0
103,1,13,0,0,0,9,0,0,0,9,2,0,0,0,19,5,0,0,2,0
104,0,0,0,1,0,0,0,0,0,28,20,7,0,1,1,0,0,0,1,0
105,0,2,1,1,0,0,0,0,0,5,5,0,0,0,2,0,0,4,0,0
106,4,2,4,0,0,1,1,0,0,0,0,0,0,0,0,3,0,2,2,0
107,1,0,2,3,4,0,1,0,0,0,0,0,0,0,0,0,0,5,0,0
108,0,0,0,0,1,0,0,0,0,0,0,0,0,7,7,2,0,0,0,0
109,0,0,0,0,0,1,0,0,0,41,5,1,0,4,0,0,1,0,0,4
110,32,1,1,0,1,6,0,0,0,0,6,0,0,0,5,1,0,0,0,2
111,3,1,0,5,6,1,0,0,0,0,0,0,0,0,32,2,0,0,0,2
112,31,0,1,3,7,0,2,0,1,0,1,0,0,0,0,1,0,0,0,0
113,7,0,1,2,2,28,0,0,0,0,2,0,0,0,0,2,0,3,0,0
114,0,1,0,1,4,0,0,0,0,1,8,0,0,0,0,1,0,0,0,30
115,0,1,0,0,0,2,0,1,0,3,42,0,0,1,2,0,0,0,3,0
116,0,0,0,4,0,0,0,0,1,0,0,0,0,0,46,2,0,1,0,0
117,0,0,0,0,50,0,0,0,0,0,1,1,0,0,1,0,0,0,0,4
118,1,2,7,3,0,33,1,0,0,3,0,0,0,0,0,5,0,2,0,0
119,0,0,0,0,0,0,0,0,1,43,9,0,1,1,0,0,0,0,1,0
120,2,5,0,1,32,0,0,0,3,1,0,0,0,1,4,1,0,1,5,0
121,32,5,0,1,1,0,1,1,0,2,0,0,0,0,6,6,1,0,0,0
122,0,1,0,1,0,0,0,0,0,3,0,0,0,0,1,2,0,0,1,0
123,0,0,1,1,4,1,0,0,0,33,12,0,1,0,1,0,0,0,2,1
124,23,1,3,1,4,12,0,0,0,1,0,0,0,0,1,7,1,0,2,1
125,3,0,0,4,2,0,1,0,1,0,0,0,1,1,1,41,0,1,0,0
126,4,0,0,0,0,0,0,0,0,1,45,0,0,1,3,0,0,0,1,1
127,0,0,0,1,0,1,1,0,0,0,0,0,0,0,0,0,0,3,0,0
128,0,0,0,0,2,0,0,0,0,2,0,0,0,0,2,0,0,0,0,1
129,1,3,1,0,1,0,0,2,0,0,4,0,0,0,4,1,0,0,0,1
130,0,0,0,3,1,6,1,0,0,5,30,1,1,1,0,2,0,0,0,3
131,0,0,0,0,0,0,0,0,0,1,0,0,0,2,0,0,0,0,0,0
132,1,2,0,0,0,0,0,0,0,0,0,0,0,0,0,0,0,0,0,0
133,0,1,0,0,0,0,1,0,1,0,0,0,0,0,0,0,0,0,0,0
134,0,1,0,0,0,0,1,0,0,35,1,0,4,1,1,0,0,0,1,3
135,0,5,1,0,0,0,0,0,0,26,9,0,1,2,0,3,0,1,1,0
136,1,0,0,4,0,0,5,0,7,0,0,0,1,1,0,0,1,0,1,0
137,0,0,0,6,0,1,0,0,0,0,0,1,1,1,2,1,0,3,0,2
138,4,1,0,2,2,1,0,0,2,0,0,0,0,0,1,2,0,1,0,0
139,0,0,0,0,0,0,0,1,0,0,2,2,3,0,0,1,0,0,2,2
140,3,1,0,0,0,0,0,0,0,1,0,2,2,0,0,2,0,0,1,0
