"residue_position","ref_sequence","variant","Allele.Count","Allele.Frequency"
3,"V","I",1,3.97633286677694e-06
4,"F","L",4,1.41395717123728e-05
6,"K","N",1,3.97623800170183e-06
8,"L","F",1,3.976206381016e-06
11,"A","S",1,3.97623800170183e-06
15,"V","C",1,3.98422247898323e-06
15,"V","R",1,3.98301641799368e-06
16,"V","A",1,3.97626962289059e-06
19,"A","G",1,3.98298468940685e-06
21,"K","G",2,7.96533486267763e-06
22,"T","I",1,3.97664911638857e-06
26,"V","M",2,7.95253924578118e-06
34,"K","E",1,3.97623800170183e-06
37,"V","F",1,3.97639611267516e-06
37,"V","I",1,3.97639611267516e-06
38,"L","P",1,3.97630124458229e-06
40,"V","I",1,3.97645936058533e-06
41,"G","D",2,7.95551277257576e-06
45,"K","R",1,3.97750324166514e-06
50,"H","Q",23,8.1327260897853e-05
52,"V","A",1,3.97696541630874e-06
53,"A","G",1,3.97696541630874e-06
53,"A","V",2,7.95393083261748e-06
54,"T","A",1,3.9769337840525e-06
56,"A","T",2,7.95874188208328e-06
67,"G","R",1,3.97740832073821e-06
68,"G","E",4,1.59088739699004e-05
70,"V","M",1,3.18369945877109e-05
72,"T","M",2,7.07218580046535e-06
73,"G","S",1,3.97696541630874e-06
73,"G","C",1,3.97696541630874e-06
73,"G","V",1,3.9766807441165e-06
80,"K","E",1,3.97661748916372e-06
82,"V","A",3,1.06067034365719e-05
91,"A","T",2,7.95304522101513e-06
91,"A","D",1,3.9766807441165e-06
96,"K","R",141,0.000498483337929279
96,"K","I",1,3.97680726005933e-06
97,"K","N",1,3.97677563031894e-06
99,"Q","R",3,1.19308013521575e-05
99,"Q","E",1,3.97696541630874e-06
99,"Q","K",1,3.18451054072989e-05
102,"K","E",1,3.97706031609675e-06
103,"N","S",2,7.99251900221393e-06
105,"E","A",2,7.9814192559721e-06
105,"E","P",4,1.41445716670085e-05
107,"A","M",1,3.97835773392743e-06
107,"A","A",1,3.97813616364461e-06
112,"I","Y",1,3.98035297770206e-06
112,"I","L",1,3.98016286826457e-06
113,"L","V",2,7.96210040208607e-06
114,"E","D",7,2.78828918542123e-05
116,"M","I",1,3.1855249745158e-05
116,"M","T",2,7.9654617578181e-06
117,"P","S",19,7.56809292024823e-05
117,"P","T",13,4.6026171189033e-05
120,"P","L",2,7.96577901335861e-06
120,"P","T",1,3.98295296132553e-06
122,"N","S",1,3.98263570831176e-06
122,"N","I",1,3.98263570831176e-06
122,"N","D",1,3.18471337579618e-05
123,"E","V",1,3.98266743133881e-06
123,"E","K",2,7.96527141662352e-06
124,"A","S",5,1.76997415837729e-05
124,"A","T",2,7.96527141662352e-06
127,"M","I",21,7.43526012788647e-05
128,"P","T",3,1.1950762857029e-05
132,"G","R",3,1.0673497705198e-05
133,"Y","C",1,4.00230532786885e-06
134,"Q","H",1,3.99891229585553e-06
137,"E","K",1,3.99562079960363e-06
138,"P","H",2,7.9853070350555e-06
140,"A","V",1,3.99032744627024e-06
